"fodds","horse_id","horse_name","opDec","race_id","timestamp"
"5/1","7503728","final-melody","6","904640","2025-09-29T10:01:26.934897"
"5/1","7657458","imnotleavinyou","6","904640","2025-09-29T10:01:27.141401"
"6/1","7441081","love-bomb","7","904640","2025-09-29T10:01:27.238324"
"13/2","7395223","award-ceremony","7.5","904640","2025-09-29T10:01:27.347413"
"8/1","7708572","spicetown","9","904640","2025-09-29T10:01:27.496261"
"8/1","7365407","star-reign","9","904640","2025-09-29T10:01:27.790989"
"9/1","7691583","the-love-machine","10","904640","2025-09-29T10:01:27.902877"
"10/1","7499448","believe-in-glory","11","904640","2025-09-29T10:01:27.979242"
"10/1","7493134","prairie-echoes","11","904640","2025-09-29T10:01:28.070961"
"14/1","7597340","gelato","15","904640","2025-09-29T10:01:28.200512"
"16/1","7816050","another-niceday","17","904640","2025-09-29T10:01:28.366602"
"20/1","7618338","hooves-your-daddy","21","904640","2025-09-29T10:01:28.467932"
"5/2","5764619","billie-frechette","3.5","904641","2025-09-29T10:01:29.841055"
"3/1","6582559","alba-chiara","4","904641","2025-09-29T10:01:30.050526"
"13/2","6692965","fortuna-vera","7.5","904641","2025-09-29T10:01:30.142035"
"7/1","5147922","mo-ghille-mar","8","904641","2025-09-29T10:01:30.260943"
"15/2","7457874","navy-waters","8.5","904641","2025-09-29T10:01:30.425841"
"10/1","5218328","riviera-queen","11","904641","2025-09-29T10:01:30.515246"
"14/1","2620816","no-niki-no","15","904641","2025-09-29T10:01:30.643077"
"14/1","6037328","sissi","15","904641","2025-09-29T10:01:30.736828"
"16/1","5571417","master-sydney","17","904641","2025-09-29T10:01:30.848057"
"22/1","5218291","pearl-jewel","23","904641","2025-09-29T10:01:31.065797"
"2/1","7834647","running-point","3","904642","2025-09-29T10:01:32.594665"
"9/4","8048368","stars-will-shine","3.25","904642","2025-09-29T10:01:32.714495"
"6/1","8179375","kilmac-air","7","904642","2025-09-29T10:01:32.792203"
"8/1","7436314","idiocracy","9","904642","2025-09-29T10:01:32.895792"
"14/1","8179373","aquilla-star","15","904642","2025-09-29T10:01:32.977071"
"14/1","7601608","celestial-siren","15","904642","2025-09-29T10:01:33.074619"
"16/1","8179372","apiary","17","904642","2025-09-29T10:01:33.263776"
"16/1","7657464","tharaka","17","904642","2025-09-29T10:01:33.447131"
"22/1","7691580","matilda-joslyngage","23","904642","2025-09-29T10:01:33.586428"
"25/1","7735691","fortuity","26","904642","2025-09-29T10:01:33.703008"
"33/1","7935085","saxon-grace","34","904642","2025-09-29T10:01:33.804800"
"40/1","7961715","stonyfalls","41","904642","2025-09-29T10:01:33.955746"
"66/1","7856880","grey-intentions","67","904642","2025-09-29T10:01:34.027433"
"15/8","7298732","diego-el-queso","2.88","904643","2025-09-29T10:01:34.789835"
"11/4","6111570","smiling","3.75","904643","2025-09-29T10:01:35.029632"
"6/1","6465133","perfect-base","7","904643","2025-09-29T10:01:35.132277"
"8/1","8179378","the-corporate-guy","9","904643","2025-09-29T10:01:35.251653"
"9/1","6265711","chester-nimitz","10","904643","2025-09-29T10:01:35.388749"
"12/1","7930875","kakori","13","904643","2025-09-29T10:01:35.488069"
"16/1","8058128","tokyo-treasure","17","904643","2025-09-29T10:01:35.580972"
"20/1","8018233","millraceflow","21","904643","2025-09-29T10:01:35.657875"
"22/1","7966374","obscenity","23","904643","2025-09-29T10:01:35.780455"
"25/1","7983182","tour-guide-tom","26","904643","2025-09-29T10:01:36.055873"
"33/1","8179377","miqdaar","34","904643","2025-09-29T10:01:36.183117"
"100/1","7935097","drumaugh-boy","101","904643","2025-09-29T10:01:36.274753"
"100/1","7996932","monastere","101","904643","2025-09-29T10:01:36.400203"
"100/1","7834665","shesthekingsmaid","101","904643","2025-09-29T10:01:36.474257"
"3/1","4992666","port-louis","4","904644","2025-09-29T10:01:37.226684"
"9/2","7713419","eichan-san","5.5","904644","2025-09-29T10:01:37.308020"
"6/1","6350097","shelbourne-flyer","7","904644","2025-09-29T10:01:37.455856"
"7/1","7789355","burford-beauty","8","904644","2025-09-29T10:01:37.555903"
"7/1","5102049","hot-to-foxtrot","8","904644","2025-09-29T10:01:37.644507"
"11/1","6260990","bishopton","12","904644","2025-09-29T10:01:37.762407"
"11/1","4299525","distillate","12","904644","2025-09-29T10:01:37.880293"
"11/1","6327896","sister-lily","12","904644","2025-09-29T10:01:37.991557"
"12/1","1870937","brains","13","904644","2025-09-29T10:01:38.074972"
"22/1","2617645","sunday-sovereign","23","904644","2025-09-29T10:01:38.156403"
"25/1","5248393","moyassr","26","904644","2025-09-29T10:01:38.238402"
"25/1","5708801","toy-soldier","26","904644","2025-09-29T10:01:38.329891"
"33/1","4686964","lough-leane","34","904644","2025-09-29T10:01:38.440266"
"66/1","5829363","perry-mason","67","904644","2025-09-29T10:01:38.586403"
"3/1","4612984","lunar-landscape","4","904645","2025-09-29T10:01:39.163151"
"7/2","5933560","searcog","4.5","904645","2025-09-29T10:01:39.291193"
"9/2","6362960","faro-island","5.5","904645","2025-09-29T10:01:39.408616"
"15/2","4377602","secret-rock","8.5","904645","2025-09-29T10:01:39.491085"
"8/1","5982399","churchill-gale","9","904645","2025-09-29T10:01:39.585556"
"8/1","3780008","thegooseiscooked","9","904645","2025-09-29T10:01:39.656789"
"17/2","3229606","smaoineamh-sile","9.5","904645","2025-09-29T10:01:39.850388"
"20/1","6314175","milverton","21","904645","2025-09-29T10:01:39.974130"
"25/1","5964381","my-vonnie","26","904645","2025-09-29T10:01:40.125316"
"28/1","3207181","ghumama","29","904645","2025-09-29T10:01:40.259102"
"40/1","4743373","pretty-soldier","41","904645","2025-09-29T10:01:40.372120"
"40/1","5490597","prom-queen","41","904645","2025-09-29T10:01:40.465260"
"50/1","7462321","diamond-cross","51","904645","2025-09-29T10:01:40.612481"
"66/1","6429633","ill-be-handy","67","904645","2025-09-29T10:01:40.716067"
"11/4","7713416","railwayview-lady","3.75","904646","2025-09-29T10:01:41.278823"
"4/1","7055609","glenroyal","5","904646","2025-09-29T10:01:41.409112"
"5/1","5436883","qamari","6","904646","2025-09-29T10:01:41.488545"
"6/1","3152124","pillar-of-hope","7","904646","2025-09-29T10:01:41.597029"
"7/1","5410641","sir-callisto","8","904646","2025-09-29T10:01:41.689732"
"11/1","4455458","doctor-grace","12","904646","2025-09-29T10:01:41.810268"
"12/1","6107043","boxing-great","13","904646","2025-09-29T10:01:41.899887"
"14/1","5162466","thyer","15","904646","2025-09-29T10:01:42.001532"
"16/1","3181216","razdan","17","904646","2025-09-29T10:01:42.082440"
"25/1","4652646","morse","26","904646","2025-09-29T10:01:42.173734"
"25/1","3098278","son-of-hypnos","26","904646","2025-09-29T10:01:42.328017"
"33/1","7935098","almenfee","34","904646","2025-09-29T10:01:42.419384"
"40/1","6064584","royal-alliance","41","904646","2025-09-29T10:01:42.527649"
"50/1","6393214","goin","51","904646","2025-09-29T10:01:42.631905"
"7/4","5343916","rakki","2.75","904632","2025-09-29T10:01:43.379765"
"4/1","7431609","first-ascent","5","904632","2025-09-29T10:01:43.580559"
"11/2","5809849","hobart","6.5","904632","2025-09-29T10:01:43.666531"
"6/1","5870165","black-gem","7","904632","2025-09-29T10:01:43.749546"
"6/1","7648520","hopeful-hero","7","904632","2025-09-29T10:01:43.823422"
"7/1","7648527","my-shadow","8","904632","2025-09-29T10:01:43.930532"
"8/1","7200341","jacko-star","9","904632","2025-09-29T10:01:44.049789"
"20/1","6983752","certamen","21","904632","2025-09-29T10:01:44.141623"
"25/1","5237855","scottish-reel","26","904632","2025-09-29T10:01:44.329021"
"33/1","8144035","dark-lieutenant","34","904632","2025-09-29T10:01:44.467830"
"100/1","5293189","burlington-house","101","904632","2025-09-29T10:01:44.563477"
"100/1","8144039","grennanstown-lady","101","904632","2025-09-29T10:01:44.661148"
"100/1","7339098","lets-go-mans","101","904632","2025-09-29T10:01:44.813718"
"100/1","5809850","maharajjah","101","904632","2025-09-29T10:01:44.921063"
"100/1","7395188","middlethird-marvel","101","904632","2025-09-29T10:01:45.004341"
"100/1","7312295","notmiwadi","101","904632","2025-09-29T10:01:45.125903"
"7/2","4857569","no-big-deal","4.5","904633","2025-09-29T10:01:45.982829"
"5/1","4550211","spanish-john","6","904633","2025-09-29T10:01:46.103331"
"11/2","6604789","pleasureofpressure","6.5","904633","2025-09-29T10:01:46.174907"
"6/1","6666805","quinn-the-eskimo","7","904633","2025-09-29T10:01:46.330680"
"8/1","3142164","stormy-jenn","9","904633","2025-09-29T10:01:46.470973"
"10/1","3513373","arthurs-victory","11","904633","2025-09-29T10:01:46.573083"
"10/1","5554967","im-flattered","11","904633","2025-09-29T10:01:46.682434"
"12/1","3301608","gekkota","13","904633","2025-09-29T10:01:46.768934"
"14/1","2176197","lariat","15","904633","2025-09-29T10:01:46.858977"
"16/1","5009831","backinabit","17","904633","2025-09-29T10:01:47.026274"
"16/1","3535299","uncle-gerhard","17","904633","2025-09-29T10:01:47.192618"
"20/1","5388077","my-mate-tony","21","904633","2025-09-29T10:01:47.300515"
"20/1","5915797","skyscraper","21","904633","2025-09-29T10:01:47.524480"
"20/1","6666807","teds-corner","21","904633","2025-09-29T10:01:47.611529"
"33/1","7597348","hope-she-flies","34","904633","2025-09-29T10:01:47.704474"
"33/1","5809868","takemeuptocarlow","34","904633","2025-09-29T10:01:47.781814"
"6/4","6233848","woodland-adventure","2.5","904634","2025-09-29T10:01:48.200307"
"5/1","7935087","dolce-n-milana","6","904634","2025-09-29T10:01:48.283980"
"13/2","6701928","walks-the-talk","7.5","904634","2025-09-29T10:01:48.389786"
"8/1","5793406","music-of-life","9","904634","2025-09-29T10:01:48.477320"
"8/1","4666922","youre-a-derry-girl","9","904634","2025-09-29T10:01:48.585765"
"10/1","6609348","atlantic-city","11","904634","2025-09-29T10:01:48.683106"
"10/1","7935082","miss-jocund","11","904634","2025-09-29T10:01:48.771106"
"14/1","6111543","amboyna","15","904634","2025-09-29T10:01:48.862081"
"16/1","7926351","clarnagh-maid","17","904634","2025-09-29T10:01:48.954729"
"20/1","7404491","prized-jet","21","904634","2025-09-29T10:01:49.093833"
"25/1","7139163","sarandon","26","904634","2025-09-29T10:01:49.180816"
"50/1","7534573","toor-idaho","51","904634","2025-09-29T10:01:49.268673"
"100/1","7926342","invincible-oscar","101","904634","2025-09-29T10:01:49.385661"
"100/1","7996946","littleladyingreen","101","904634","2025-09-29T10:01:49.527792"
"100/1","6260968","poyraz-approach","101","904634","2025-09-29T10:01:49.593034"
"100/1","6802984","yoursimplythebest","101","904634","2025-09-29T10:01:49.684971"
"4/1","5826656","live-to-laugh","5","904635","2025-09-29T10:01:50.321522"
"11/2","58953289","gortmore-lady","6.5","904635","2025-09-29T10:01:50.475305"
"11/2","6855089","nettuno-italia","6.5","904635","2025-09-29T10:01:50.576110"
"7/1","6514069","mellem","8","904635","2025-09-29T10:01:50.875745"
"8/1","6768222","hitthehayson","9","904635","2025-09-29T10:01:50.960237"
"11/1","3500955","hard-target","12","904635","2025-09-29T10:01:51.119514"
"12/1","2617668","appian-way","13","904635","2025-09-29T10:01:51.209583"
"12/1","5003639","kilbrin-rocco","13","904635","2025-09-29T10:01:51.284558"
"16/1","7148048","little-boy-sivola","17","904635","2025-09-29T10:01:51.350319"
"16/1","6555401","swing-time","17","904635","2025-09-29T10:01:51.445170"
"20/1","1433478","derby-de-thaix","21","904635","2025-09-29T10:01:51.525172"
"20/1","3459472","donnrua-dream","21","904635","2025-09-29T10:01:51.612629"
"20/1","7961710","mr-erwitt","21","904635","2025-09-29T10:01:51.687743"
"20/1","2838269","nazine","21","904635","2025-09-29T10:01:51.780790"
"28/1","58956135","gather-yourself","29","904635","2025-09-29T10:01:51.851431"
"33/1","6949234","annilogs-force","34","904635","2025-09-29T10:01:52.030848"
"11/4","5708479","quantum-quest","3.75","904636","2025-09-29T10:01:52.432347"
"100/30","5689569","birmingham-alabama","4.33","904636","2025-09-29T10:01:52.545940"
"13/2","4942593","its-not-over-yet","7.5","904636","2025-09-29T10:01:52.649501"
"8/1","4231792","themanintheboots","9","904636","2025-09-29T10:01:52.734324"
"10/1","5845744","mags-nelson","11","904636","2025-09-29T10:01:52.828846"
"10/1","2765610","mephisto","11","904636","2025-09-29T10:01:52.915956"
"11/1","5003640","bigira","12","904636","2025-09-29T10:01:52.995941"
"12/1","5033134","dorans-law","13","904636","2025-09-29T10:01:53.165771"
"14/1","4015769","ballyglass-beauty","15","904636","2025-09-29T10:01:53.277554"
"20/1","3777987","another-choice","21","904636","2025-09-29T10:01:53.454102"
"25/1","4765711","milanaway","26","904636","2025-09-29T10:01:53.531674"
"8/11","4753537","westport-cove","1.73","904637","2025-09-29T10:01:53.986115"
"11/8","4144680","king-of-kingsfield","2.38","904637","2025-09-29T10:01:54.072452"
"12/1","3952103","special-cadeau","13","904637","2025-09-29T10:01:54.148696"
"25/1","4994572","itsalladream","26","904637","2025-09-29T10:01:54.269679"
"33/1","5007852","littlebiggie","34","904637","2025-09-29T10:01:54.378626"
"66/1","4247955","laurie-blue","67","904637","2025-09-29T10:01:54.449338"
"11/4","4908792","cobra-queen","3.75","904638","2025-09-29T10:01:55.084093"
"3/1","4305440","betty-dutton","4","904638","2025-09-29T10:01:55.200001"
"5/1","4893354","juniper-hill","6","904638","2025-09-29T10:01:55.284730"
"13/2","5428927","howya-luveen","7.5","904638","2025-09-29T10:01:55.350816"
"8/1","3745638","killinure-lass","9","904638","2025-09-29T10:01:55.424497"
"10/1","5116052","sea-aster","11","904638","2025-09-29T10:01:55.513124"
"12/1","4969846","ashdale-flyer","13","904638","2025-09-29T10:01:55.631763"
"12/1","4652649","nt-field-minnesota","13","904638","2025-09-29T10:01:55.736918"
"25/1","2871728","kilashee","26","904638","2025-09-29T10:01:55.836483"
"13/8","4965735","shadys-lady","2.62","904639","2025-09-29T10:01:56.248040"
"9/2","7441036","ozarks-walk","5.5","904639","2025-09-29T10:01:56.348630"
"5/1","7499370","onlyforfrankie","6","904639","2025-09-29T10:01:56.453613"
"15/2","8179371","seventeen-b","8.5","904639","2025-09-29T10:01:56.527725"
"8/1","8170201","blossomfort-flyer","9","904639","2025-09-29T10:01:56.607788"
"10/1","8179369","gaelic-empress","11","904639","2025-09-29T10:01:56.721630"
"16/1","8174784","minnatrix","17","904639","2025-09-29T10:01:56.800342"
"20/1","8144036","gethegoodtimesroll","21","904639","2025-09-29T10:01:56.909582"
"22/1","7530068","texas-red","23","904639","2025-09-29T10:01:56.995631"
"25/1","7303456","hi-handsome","26","904639","2025-09-29T10:01:57.088913"
"25/1","6921051","rush-slowly","26","904639","2025-09-29T10:01:57.218324"
"9/4","6130357","impartiality","3.25","902400","2025-09-29T10:01:58.683292"
"5/2","6388817","jannas-journey","3.5","902400","2025-09-29T10:01:58.772939"
"4/1","4350772","spioradalta","5","902400","2025-09-29T10:01:58.856877"
"13/2","5079032","individualism","7.5","902400","2025-09-29T10:01:58.936517"
"8/1","5230699","bubbles-wonky","9","902400","2025-09-29T10:01:59.018963"
"14/1","6215506","elsies-ruan","15","902400","2025-09-29T10:01:59.116611"
"20/1","5104236","starliner","21","902400","2025-09-29T10:01:59.202729"
"2/1","5309181","eternal-sunshine","3","902401","2025-09-29T10:01:59.620806"
"4/1","6582477","corolla-point","5","902401","2025-09-29T10:01:59.724648"
"13/2","5226936","brummell","7.5","902401","2025-09-29T10:01:59.800673"
"8/1","5708731","al-hussar","9","902401","2025-09-29T10:01:59.863440"
"8/1","5154292","kodiac-thriller","9","902401","2025-09-29T10:01:59.949711"
"9/1","5073244","amayretto","10","902401","2025-09-29T10:02:00.025675"
"10/1","5172514","lions-house","11","902401","2025-09-29T10:02:00.144458"
"12/1","4395016","changeofmind","13","902401","2025-09-29T10:02:00.216714"
"16/1","4924550","moonstone-boy","17","902401","2025-09-29T10:02:00.305787"
"33/1","6514070","hi-lord","34","902401","2025-09-29T10:02:00.403461"
"1/20","7204926","eat-pray-run","1.05","902402","2025-09-29T10:02:00.936963"
"9/1","8084430","supremissy","10","902402","2025-09-29T10:02:01.020327"
"6/4","6079166","kranjcar","2.5","902403","2025-09-29T10:02:01.496091"
"7/2","2734126","impressor","4.5","902403","2025-09-29T10:02:01.582252"
"5/1","5973427","thunderstorm-katie","6","902403","2025-09-29T10:02:01.691724"
"13/2","3997631","giselles-izzy","7.5","902403","2025-09-29T10:02:01.762018"
"12/1","3326341","hallowed-time","13","902403","2025-09-29T10:02:01.848929"
"12/1","3092685","iris-dancer","13","902403","2025-09-29T10:02:01.921803"
"14/1","3549487","bay-breeze","15","902403","2025-09-29T10:02:02.173470"
"7/2","4502653","arkenstaar","4.5","902404","2025-09-29T10:02:02.751674"
"11/2","3597221","ey-up-its-jazz","6.5","902404","2025-09-29T10:02:02.870007"
"6/1","7789374","asian-journey","7","902404","2025-09-29T10:02:02.969637"
"6/1","6151842","sir-david","7","902404","2025-09-29T10:02:03.057734"
"7/1","2729681","hostelry","8","902404","2025-09-29T10:02:03.135552"
"7/1","2791132","pisanello","8","902404","2025-09-29T10:02:03.334667"
"7/1","6042412","runninsonofagun","8","902404","2025-09-29T10:02:03.401885"
"12/1","4281799","inanna","13","902404","2025-09-29T10:02:03.595973"
"14/1","2883397","shine-on-brendan","15","902404","2025-09-29T10:02:03.689906"
"5/2","5884215","stirrup-cup","3.5","902405","2025-09-29T10:02:04.150711"
"3/1","3505929","harb","4","902405","2025-09-29T10:02:04.242117"
"6/1","5089269","ganesha","7","902405","2025-09-29T10:02:04.348046"
"8/1","3168686","sir-benedict","9","902405","2025-09-29T10:02:04.451321"
"9/1","2708949","never-dark","10","902405","2025-09-29T10:02:04.536781"
"10/1","3500889","dandy-dinmont","11","902405","2025-09-29T10:02:04.621826"
"14/1","5120121","good-point","15","902405","2025-09-29T10:02:04.732510"
"14/1","5878991","jm-jhingree","15","902405","2025-09-29T10:02:04.803069"
"20/1","1207729","delagate-this-lord","21","902405","2025-09-29T10:02:04.901899"
"25/1","2996576","jojo-rabbit","26","902405","2025-09-29T10:02:04.971640"
"5/4","7597376","both-of-us","2.25","902406","2025-09-29T10:02:06.096687"
"9/2","4584386","vampire-slayer","5.5","902406","2025-09-29T10:02:06.203975"
"6/1","7293769","grizzieblanca","7","902406","2025-09-29T10:02:06.279312"
"13/2","5845561","hickton","7.5","902406","2025-09-29T10:02:06.368169"
"11/1","2801626","dandys-angel","12","902406","2025-09-29T10:02:06.441144"
"12/1","6345380","elizabeths-legacy","13","902406","2025-09-29T10:02:06.511106"
"14/1","7227197","woodshaw","15","902406","2025-09-29T10:02:06.602257"
"33/1","2080896","hot-team","34","902406","2025-09-29T10:02:06.683962"
"33/1","6197896","tiger-kitten","34","902406","2025-09-29T10:02:06.805954"
"40/1","5309177","millbuie","41","902406","2025-09-29T10:02:06.900036"
"15/8","4346553","bagheera-ginge","2.88","902509","2025-09-29T10:02:07.404606"
"9/4","3031663","hold-your-fort","3.25","902509","2025-09-29T10:02:07.493635"
"100/30","3434295","stans-the-man","4.33","902509","2025-09-29T10:02:07.565985"
"5/1","2961534","killer-kane","6","902509","2025-09-29T10:02:07.650973"
"20/1","2603860","road-senam","21","902509","2025-09-29T10:02:07.775286"
"5/4","4950386","centara","2.25","902510","2025-09-29T10:02:08.404983"
"11/8","4129104","breaking-cover","2.38","902510","2025-09-29T10:02:08.540003"
"4/1","5428942","synchronist","5","902510","2025-09-29T10:02:08.638132"
"5/1","4217510","coconut-twist","6","902511","2025-09-29T10:02:09.076682"
"5/1","6675654","stinginhisstep","6","902511","2025-09-29T10:02:09.156136"
"6/1","3038171","striking-a-pose","7","902511","2025-09-29T10:02:09.238773"
"7/1","4622315","despereaux","8","902511","2025-09-29T10:02:09.335649"
"13/8","3177346","dickens","2.62","902512","2025-09-29T10:02:09.807565"
"3/1","3102095","sassified","4","902512","2025-09-29T10:02:09.884822"
"7/2","3116601","gavin","4.5","902512","2025-09-29T10:02:10.113471"
"14/1","5806682","model-approach","15","902512","2025-09-29T10:02:10.439728"
"14/1","3087860","the-longest-day","15","902512","2025-09-29T10:02:10.514877"
"16/1","2824072","byzantine-empire","17","902512","2025-09-29T10:02:10.595882"
"16/1","4247931","mega-speculator","17","902512","2025-09-29T10:02:10.681940"
"20/1","3282206","silent-revolution","21","902512","2025-09-29T10:02:10.764521"
"33/1","3161489","greystoke","34","902512","2025-09-29T10:02:10.844646"
"11/10","5889967","john-barbour","2.1","902513","2025-09-29T10:02:11.341924"
"4/1","7191406","at-the-oche","5","902513","2025-09-29T10:02:11.421857"
"7/1","6291930","best-night","8","902513","2025-09-29T10:02:11.501693"
"7/1","4697468","jaminska","8","902513","2025-09-29T10:02:11.590126"
"14/1","6892516","dearkeithandkaty","15","902513","2025-09-29T10:02:11.709589"
"14/1","7169845","lewisham-grove","15","902513","2025-09-29T10:02:11.800007"
"16/1","5920285","drumstick","17","902513","2025-09-29T10:02:11.886585"
"25/1","4994500","emaculate-soldier","26","902513","2025-09-29T10:02:11.961350"
"33/1","5695285","lennie-godber","34","902513","2025-09-29T10:02:12.043587"
"33/1","6354476","peace-motivator","34","902513","2025-09-29T10:02:12.140501"
"66/1","6175554","meridian-way","67","902513","2025-09-29T10:02:12.219990"
"100/1","5842797","aceofadiamond","101","902513","2025-09-29T10:02:12.296270"
"6/4","5329086","tropical-speed","2.5","902514","2025-09-29T10:02:12.985242"
"7/2","5059605","touchwoodexpress","4.5","902514","2025-09-29T10:02:13.076931"
"4/1","4102972","testflight","5","902514","2025-09-29T10:02:13.158727"
"5/1","3272452","great-dange","6","902514","2025-09-29T10:02:13.419396"
"8/1","2481577","enjoy-dallen","9","902514","2025-09-29T10:02:13.495048"
"7/2","4827183","phoenix-moon","4.5","902624","2025-09-29T10:02:14.021847"
"6/1","5803649","improve-your-move","7","902624","2025-09-29T10:02:14.089445"
"7/1","6613655","after-love","8","902624","2025-09-29T10:02:14.177696"
"7/1","4277869","daytona-lady","8","902624","2025-09-29T10:02:14.247325"
"7/1","4303383","holy-fire","8","902624","2025-09-29T10:02:14.349215"
"10/1","6202583","addarella","11","902624","2025-09-29T10:02:14.480014"
"10/1","7588046","spirit-of-jenny","11","902624","2025-09-29T10:02:14.606890"
"12/1","6640611","boyne-lady","13","902624","2025-09-29T10:02:14.689999"
"12/1","6088062","melissa-honey","13","902624","2025-09-29T10:02:14.780069"
"12/1","5104286","ziggys-queen","13","902624","2025-09-29T10:02:14.864662"
"14/1","6541719","lady-modena","15","902624","2025-09-29T10:02:14.952212"
"16/1","5826590","storm-call","17","902624","2025-09-29T10:02:15.059583"
"33/1","5878980","spiritualism","34","902624","2025-09-29T10:02:15.162034"
"11/4","4281795","grace-angel","3.75","902625","2025-09-29T10:02:15.972095"
"7/2","4409383","thankuappreciate","4.5","902625","2025-09-29T10:02:16.044192"
"6/1","3668348","le-beau-garcon","7","902625","2025-09-29T10:02:16.119781"
"13/2","6151841","ziggys-triton","7.5","902625","2025-09-29T10:02:16.248682"
"8/1","4963772","sturlasson","9","902625","2025-09-29T10:02:16.328554"
"10/1","4743599","popular-dream","11","902625","2025-09-29T10:02:16.446042"
"14/1","6278733","blue-anthem","15","902625","2025-09-29T10:02:16.521553"
"16/1","4241628","kings-crown","17","902625","2025-09-29T10:02:16.615099"
"16/1","4257436","phoenix-beach","17","902625","2025-09-29T10:02:16.688934"
"20/1","5079042","mart","21","902625","2025-09-29T10:02:16.761483"
"22/1","5708703","j-street","23","902625","2025-09-29T10:02:16.869547"
"25/1","3096162","ready-freddie-go","26","902625","2025-09-29T10:02:16.989669"
"5/2","5831371","luminoso","3.5","902626","2025-09-29T10:02:17.553454"
"11/4","6005910","stellenbosch","3.75","902626","2025-09-29T10:02:17.636735"
"7/2","6238180","goldie-trickett","4.5","902626","2025-09-29T10:02:17.715529"
"7/2","8174791","welljudged","4.5","902626","2025-09-29T10:02:17.800441"
"10/1","8001134","lost-in-wonder","11","902626","2025-09-29T10:02:17.879437"
"16/1","7983192","abila","17","902626","2025-09-29T10:02:17.979273"
"33/1","6309456","my-o-my","34","902626","2025-09-29T10:02:18.118302"
"13/8","8052957","rose-of-honour","2.62","902627","2025-09-29T10:02:18.608696"
"11/4","6657541","spitzbergen","3.75","902627","2025-09-29T10:02:18.689602"
"7/2","6229372","brakeman","4.5","902627","2025-09-29T10:02:18.759834"
"7/1","5982372","vamp","8","902627","2025-09-29T10:02:18.841996"
"8/1","6120961","knightmare","9","902627","2025-09-29T10:02:19.015230"
"25/1","5579968","blue-lancero","26","902627","2025-09-29T10:02:19.142421"
"33/1","8101895","hes-our-cracker","34","902627","2025-09-29T10:02:19.225851"
"40/1","7597361","harry-mole","41","902627","2025-09-29T10:02:19.353979"
"40/1","8174789","wiseton-prospect","41","902627","2025-09-29T10:02:19.458713"
"3/1","7878363","mayfair-market","4","902628","2025-09-29T10:02:19.960236"
"3/1","8174792","tago-mago","4","902628","2025-09-29T10:02:20.064831"
"9/2","7947742","art-gallery","5.5","902628","2025-09-29T10:02:20.178543"
"11/2","7966348","izznt-she-hot","6.5","902628","2025-09-29T10:02:20.296797"
"7/1","8001136","cotton-bud","8","902628","2025-09-29T10:02:20.358127"
"7/1","8031349","crafty-blue","8","902628","2025-09-29T10:02:20.446541"
"14/1","8174736","hot-and-cold","15","902628","2025-09-29T10:02:20.537231"
"25/1","7935112","reasons-power","26","902628","2025-09-29T10:02:20.618000"
"33/1","8101900","capricorn-belle","34","902628","2025-09-29T10:02:20.696226"
"5/2","3662560","my-ambition","3.5","902629","2025-09-29T10:02:21.278962"
"5/1","5063630","woodleigh","6","902629","2025-09-29T10:02:21.378064"
"6/1","2859502","back-from-dubai","7","902629","2025-09-29T10:02:21.469761"
"6/1","1214439","my-brother-mike","7","902629","2025-09-29T10:02:21.575451"
"10/1","5019619","kaaress","11","902629","2025-09-29T10:02:21.659074"
"12/1","4528447","haaf-a-diamond","13","902629","2025-09-29T10:02:21.728836"
"14/1","5079239","cuban-fiesta","15","902629","2025-09-29T10:02:21.808219"
"14/1","3500887","kodebreaker","15","902629","2025-09-29T10:02:21.904808"
"16/1","4350742","create","17","902629","2025-09-29T10:02:21.978929"
"16/1","3550655","heretic","17","902629","2025-09-29T10:02:22.049689"
"16/1","5856690","jazz-scene","17","902629","2025-09-29T10:02:22.124071"
"33/1","4575810","ciara-storm","34","902629","2025-09-29T10:02:22.190947"
"50/1","4471667","vecchio","51","902629","2025-09-29T10:02:22.349665"
"66/1","5102055","eagle-landed","67","902629","2025-09-29T10:02:22.706891"
"13/8","6737339","universal-story","2.62","902630","2025-09-29T10:02:23.317537"
"5/2","5089392","spectacular-style","3.5","902630","2025-09-29T10:02:23.398002"
"9/2","7789360","big-win","5.5","902630","2025-09-29T10:02:23.470363"
"9/2","7355922","rose-warrior","5.5","902630","2025-09-29T10:02:23.540820"
"14/1","3263909","mond","15","902630","2025-09-29T10:02:23.613742"
"16/1","4217529","wasthatok","17","902630","2025-09-29T10:02:23.726756"
"4/1","5364278","silky-robin","5","902631","2025-09-29T10:02:25.055754"
"4/1","5355690","the-real-mckay","5","902631","2025-09-29T10:02:25.142526"
"6/1","4307329","winter-crown","7","902631","2025-09-29T10:02:25.311343"
"7/1","6604827","ottawa","8","902631","2025-09-29T10:02:25.390252"
"10/1","4175322","roaring-ralph","11","902631","2025-09-29T10:02:25.468728"
"10/1","4924552","sedgemoor","11","902631","2025-09-29T10:02:25.555898"
"12/1","5937867","atomic-mass","13","902631","2025-09-29T10:02:25.660873"
"12/1","6451099","darn-hot-time","13","902631","2025-09-29T10:02:25.742606"
"12/1","5595716","thanks-dad","13","902631","2025-09-29T10:02:25.829333"
"14/1","6728408","bintofie","15","902631","2025-09-29T10:02:25.969395"
"16/1","3243593","a-pint-of-bear","17","902631","2025-09-29T10:02:26.075937"
"16/1","3709123","rambuso-creek","17","902631","2025-09-29T10:02:26.161485"
"11/4","8089239","zambezi","3.75","904732","2025-09-29T10:02:26.687462"
"9/2","8183840","swiss-moon","5.5","904732","2025-09-29T10:02:26.788454"
"6/1","7830246","waiting-for-you","7","904732","2025-09-29T10:02:26.975532"
"15/2","8183821","centauri","8.5","904732","2025-09-29T10:02:27.069413"
"8/1","7865879","siciliano","9","904732","2025-09-29T10:02:27.172617"
"9/1","7605836","arlong-fal","10","904732","2025-09-29T10:02:27.258111"
"10/1","7806377","suspended-sentence","11","904732","2025-09-29T10:02:27.342576"
"12/1","7878426","royal-chapel","13","904732","2025-09-29T10:02:27.432026"
"16/1","7631392","agiota","17","904732","2025-09-29T10:02:27.509204"
"20/1","8183831","nebur","21","904732","2025-09-29T10:02:27.651538"
"25/1","7390838","zelzara","26","904732","2025-09-29T10:02:27.761123"
"33/1","7865881","mefie-toi","34","904732","2025-09-29T10:02:27.874336"
"7/2","5991234","dalmally","4.5","902393","2025-09-29T10:02:28.396734"
"5/1","3101958","darvel","6","902393","2025-09-29T10:02:28.480421"
"11/2","4431798","oj-lifestyle","6.5","902393","2025-09-29T10:02:28.571390"
"7/1","6379989","play-me","8","902393","2025-09-29T10:02:28.647559"
"15/2","6193144","bintjan","8.5","902393","2025-09-29T10:02:28.734802"
"8/1","6928478","lunanova","9","902393","2025-09-29T10:02:28.834396"
"8/1","3550657","marsh-benham","9","902393","2025-09-29T10:02:28.962408"
"14/1","6759099","tenbob-tommy","15","902393","2025-09-29T10:02:29.052144"
"16/1","6092542","lady-justice","17","902393","2025-09-29T10:02:29.162768"
"16/1","3136504","uncle-dick","17","902393","2025-09-29T10:02:29.274563"
"20/1","5123491","newfangled","21","902393","2025-09-29T10:02:29.392364"
"11/8","7409486","cosmo-goodspeed","2.38","902394","2025-09-29T10:02:30.046721"
"7/1","7191403","mapplethorpe","8","902394","2025-09-29T10:02:30.135374"
"14/1","7267857","melosa","15","902394","2025-09-29T10:02:30.235306"
"2/1","7378606","just-adair","3","902395","2025-09-29T10:02:30.716296"
"9/4","6465143","love-you-back","3.25","902395","2025-09-29T10:02:30.843107"
"4/1","5104251","al-khawaneej-river","5","902395","2025-09-29T10:02:30.974746"
"10/1","5708940","emily-rebecca","11","902395","2025-09-29T10:02:31.093330"
"10/1","3103593","john-locke","11","902395","2025-09-29T10:02:31.201916"
"12/1","3781884","graffiti","13","902395","2025-09-29T10:02:31.319709"
"12/1","5147965","versatile","13","902395","2025-09-29T10:02:31.490786"
"7/2","3039452","toussarok","4.5","902396","2025-09-29T10:02:31.949798"
"4/1","7312416","desert-beauty","5","902396","2025-09-29T10:02:32.050923"
"13/2","5127980","gone-rogue","7.5","902396","2025-09-29T10:02:32.135161"
"7/1","2829583","kondratiev-wave","8","902396","2025-09-29T10:02:32.216110"
"7/1","5708806","mighty-real","8","902396","2025-09-29T10:02:32.299652"
"8/1","6130347","callout","9","902396","2025-09-29T10:02:32.384760"
"8/1","3634785","king-of-war","9","902396","2025-09-29T10:02:32.488444"
"10/1","6296581","grovely-belle","11","902396","2025-09-29T10:02:32.605463"
"16/1","4334967","werenotreallyhere","17","902396","2025-09-29T10:02:32.739086"
"20/1","5082941","professor-tickle","21","902396","2025-09-29T10:02:32.835362"
"33/1","6983760","dance-recital","34","902396","2025-09-29T10:02:32.917939"
"50/1","6873186","hot-shot-lawyer","51","902396","2025-09-29T10:02:33.046632"
"66/1","7055593","miraflores","67","902396","2025-09-29T10:02:33.145086"
"66/1","5015358","mrs-maisel","67","902396","2025-09-29T10:02:33.240801"
"11/4","6560228","rovinia","3.75","902397","2025-09-29T10:02:33.655752"
"7/2","5237780","upper-hand","4.5","902397","2025-09-29T10:02:33.778784"
"5/1","4213762","hannahs-return","6","902397","2025-09-29T10:02:33.884044"
"7/1","2996824","mehmo","8","902397","2025-09-29T10:02:33.981252"
"8/1","58956195","rinky-tinky-tinky","9","902397","2025-09-29T10:02:34.093914"
"8/1","4438462","roman-spring","9","902397","2025-09-29T10:02:34.221360"
"12/1","4977930","big-time-rascal","13","902397","2025-09-29T10:02:34.354453"
"14/1","5968910","beautiful-things","15","902397","2025-09-29T10:02:34.440834"
"25/1","6300771","commendation","26","902397","2025-09-29T10:02:34.571244"
"25/1","4499169","haveagobeau","26","902397","2025-09-29T10:02:34.667014"
"11/4","3705544","starsong","3.75","902398","2025-09-29T10:02:35.090142"
"7/2","3499385","antiphon","4.5","902398","2025-09-29T10:02:35.183607"
"7/2","1978680","recon-mission","4.5","902398","2025-09-29T10:02:35.281682"
"5/1","5386054","barnsnape-boy","6","902398","2025-09-29T10:02:35.387449"
"6/1","6260995","reporter","7","902398","2025-09-29T10:02:35.497324"
"10/1","4303357","diomed-spirit","11","902398","2025-09-29T10:02:35.609269"
"20/1","3897009","battle-point","21","902398","2025-09-29T10:02:35.735644"
"25/1","5764770","off-the-bench","26","902398","2025-09-29T10:02:35.817077"
"11/10","7493129","arvana-belle","2.1","902399","2025-09-29T10:02:36.442576"
"4/1","7324731","archibald-ives","5","902399","2025-09-29T10:02:36.568322"
"5/1","7762486","molly-mac","6","902399","2025-09-29T10:02:36.695704"
"8/1","7834668","isthatu","9","902399","2025-09-29T10:02:36.805396"
"8/1","7020171","receding","9","902399","2025-09-29T10:02:36.910088"
"12/1","7970711","pimentel","13","902399","2025-09-29T10:02:37.017459"
